{
    "name": "root",
    "gauges": {
        "AgentCar.Policy.Entropy.mean": {
            "value": 1.4374639987945557,
            "min": 1.4374639987945557,
            "max": 1.4374639987945557,
            "count": 1
        },
        "AgentCar.Policy.Entropy.sum": {
            "value": 14413.451171875,
            "min": 14413.451171875,
            "max": 14413.451171875,
            "count": 1
        },
        "AgentCar.Step.mean": {
            "value": 9963.0,
            "min": 9963.0,
            "max": 9963.0,
            "count": 1
        },
        "AgentCar.Step.sum": {
            "value": 9963.0,
            "min": 9963.0,
            "max": 9963.0,
            "count": 1
        },
        "AgentCar.Policy.ExtrinsicValueEstimate.mean": {
            "value": 0.09451252967119217,
            "min": 0.09451252967119217,
            "max": 0.09451252967119217,
            "count": 1
        },
        "AgentCar.Policy.ExtrinsicValueEstimate.sum": {
            "value": 15.500054359436035,
            "min": 15.500054359436035,
            "max": 15.500054359436035,
            "count": 1
        },
        "AgentCar.Losses.PolicyLoss.mean": {
            "value": 0.24720376654103576,
            "min": 0.24720376654103576,
            "max": 0.24720376654103576,
            "count": 1
        },
        "AgentCar.Losses.PolicyLoss.sum": {
            "value": 18.293078724036647,
            "min": 18.293078724036647,
            "max": 18.293078724036647,
            "count": 1
        },
        "AgentCar.Losses.ValueLoss.mean": {
            "value": 0.05053909169382514,
            "min": 0.05053909169382514,
            "max": 0.05053909169382514,
            "count": 1
        },
        "AgentCar.Losses.ValueLoss.sum": {
            "value": 3.73989278534306,
            "min": 3.73989278534306,
            "max": 3.73989278534306,
            "count": 1
        },
        "AgentCar.Policy.LearningRate.mean": {
            "value": 0.00029697640641327024,
            "min": 0.00029697640641327024,
            "max": 0.00029697640641327024,
            "count": 1
        },
        "AgentCar.Policy.LearningRate.sum": {
            "value": 0.021976254074581997,
            "min": 0.021976254074581997,
            "max": 0.021976254074581997,
            "count": 1
        },
        "AgentCar.Policy.Epsilon.mean": {
            "value": 0.19899213513513514,
            "min": 0.19899213513513514,
            "max": 0.19899213513513514,
            "count": 1
        },
        "AgentCar.Policy.Epsilon.sum": {
            "value": 14.725418000000001,
            "min": 14.725418000000001,
            "max": 14.725418000000001,
            "count": 1
        },
        "AgentCar.Policy.Beta.mean": {
            "value": 0.0005000000000000001,
            "min": 0.0005000000000000001,
            "max": 0.0005000000000000001,
            "count": 1
        },
        "AgentCar.Policy.Beta.sum": {
            "value": 0.037000000000000005,
            "min": 0.037000000000000005,
            "max": 0.037000000000000005,
            "count": 1
        },
        "AgentCar.Environment.EpisodeLength.mean": {
            "value": 605.6875,
            "min": 605.6875,
            "max": 605.6875,
            "count": 1
        },
        "AgentCar.Environment.EpisodeLength.sum": {
            "value": 9691.0,
            "min": 9691.0,
            "max": 9691.0,
            "count": 1
        },
        "AgentCar.Environment.CumulativeReward.mean": {
            "value": -1.0125001724809408,
            "min": -1.0125001724809408,
            "max": -1.0125001724809408,
            "count": 1
        },
        "AgentCar.Environment.CumulativeReward.sum": {
            "value": -16.200002759695053,
            "min": -16.200002759695053,
            "max": -16.200002759695053,
            "count": 1
        },
        "AgentCar.Policy.ExtrinsicReward.mean": {
            "value": -1.0125001724809408,
            "min": -1.0125001724809408,
            "max": -1.0125001724809408,
            "count": 1
        },
        "AgentCar.Policy.ExtrinsicReward.sum": {
            "value": -16.200002759695053,
            "min": -16.200002759695053,
            "max": -16.200002759695053,
            "count": 1
        },
        "AgentCar.IsTraining.mean": {
            "value": 1.0,
            "min": 1.0,
            "max": 1.0,
            "count": 1
        },
        "AgentCar.IsTraining.sum": {
            "value": 1.0,
            "min": 1.0,
            "max": 1.0,
            "count": 1
        }
    },
    "metadata": {
        "timer_format_version": "0.1.0",
        "start_time_seconds": "1683322956",
        "python_version": "3.9.15 (main, Oct 12 2022, 19:14:24) \n[GCC 9.4.0]",
        "command_line_arguments": "/home/js/.local/share/virtualenvs/self-driving-car-simulator-hbiaB5Ba/bin/mlagents-learn config/self_driving_car_config.yaml --run-id=RaceCar",
        "mlagents_version": "0.30.0",
        "mlagents_envs_version": "0.30.0",
        "communication_protocol_version": "1.5.0",
        "pytorch_version": "1.11.0+cu102",
        "numpy_version": "1.21.2",
        "end_time_seconds": "1683323121"
    },
    "total": 164.8933479499974,
    "count": 1,
    "self": 0.0070087859967316035,
    "children": {
        "run_training.setup": {
            "total": 0.015336422999098431,
            "count": 1,
            "self": 0.015336422999098431
        },
        "TrainerController.start_learning": {
            "total": 164.87100274100158,
            "count": 1,
            "self": 0.24323862902383553,
            "children": {
                "TrainerController._reset_env": {
                    "total": 21.205251429000782,
                    "count": 1,
                    "self": 21.205251429000782
                },
                "TrainerController.advance": {
                    "total": 143.25184609297503,
                    "count": 11613,
                    "self": 0.23136796622202382,
                    "children": {
                        "env_step": {
                            "total": 125.3319217877688,
                            "count": 11613,
                            "self": 112.17180334812292,
                            "children": {
                                "SubprocessEnvManager._take_step": {
                                    "total": 13.015601587863785,
                                    "count": 11613,
                                    "self": 0.6559932106429187,
                                    "children": {
                                        "TorchPolicy.evaluate": {
                                            "total": 12.359608377220866,
                                            "count": 11594,
                                            "self": 12.359608377220866
                                        }
                                    }
                                },
                                "workers": {
                                    "total": 0.14451685178210028,
                                    "count": 11612,
                                    "self": 0.0,
                                    "children": {
                                        "worker_root": {
                                            "total": 157.00872076699306,
                                            "count": 11612,
                                            "is_parallel": true,
                                            "self": 61.67847118109421,
                                            "children": {
                                                "run_training.setup": {
                                                    "total": 0.0,
                                                    "count": 0,
                                                    "is_parallel": true,
                                                    "self": 0.0,