{"count":1,"self":2943.9911936,"total":4118.9247319999995,"children":{"InitializeActuators":{"count":1,"self":0.00165,"total":0.00165,"children":null},"InitializeSensors":{"count":1,"self":0.001699,"total":0.001699,"children":null},"AgentSendState":{"count":753155,"self":11.9493432,"total":251.36394299999998,"children":{"CollectObservations":{"count":75351,"self":223.08052479999998,"total":223.08053099999998,"children":null},"WriteActionMask":{"count":75351,"self":0.54033199999999992,"total":0.54033199999999992,"children":null},"RequestDecision":{"count":75351,"self":1.579003,"total":15.793737,"children":{"AgentInfo.ToProto":{"count":75351,"self":1.506689,"total":14.214734,"children":{"GenerateSensorData":{"count":75351,"self":12.7080448,"total":12.708045,"children":null}}}}}}},"DecideAction":{"count":753155,"self":506.65902079999995,"total":506.659027,"children":null},"AgentAct":{"count":753155,"self":416.89269759999996,"total":416.904389,"children":{"AgentInfo.ToProto":{"count":51,"self":0.001504,"total":0.011701,"children":{"GenerateSensorData":{"count":51,"self":0.010197,"total":0.010197,"children":null}}}}},"AgentInfo.ToProto":{"count":9,"self":0.00031499999999999996,"total":0.002059,"children":{"GenerateSensorData":{"count":9,"self":0.0017439999999999999,"total":0.0017439999999999999,"children":null}}}},"gauges":{"AgentCar.CumulativeReward":{"count":60,"max":2539.025,"min":-205.598572,"runningAverage":440.222534,"value":56.8000336,"weightedAverage":89.8207245}},"metadata":{"timer_format_version":"0.1.0","start_time_seconds":"1686778045","unity_version":"2022.2.17f1","command_line_arguments":"\/home\/js\/Unity\/Hub\/Editor\/2022.2.17f1\/Editor\/Unity -projectpath \/home\/js\/Projects\/self-driving-car-simulator -useHub -hubIPC -cloudEnvironment production -licensingIpc LicenseClient-js -hubSessionId cedab040-0ade-11ee-ab70-4d8ef88f6471","communication_protocol_version":"1.5.0","com.unity.ml-agents_version":"2.0.1","scene_name":"4-ML-AgentsEnvironment","end_time_seconds":"1686782164"}}